Mutation,Side,x,Potision,KCNA5
R34L,A,-1.55698126,34,121
L42A,A,1.749600819174102,42,129
F44A,A,4.927771492405721,44,131
E45Q,A,13.242376376406163,45,132
T46A,A,12.022471689955609,46,133
Q47A,A,-0.561797147,47,134
T50A,A,9.229535235771252,50,137
D86A,A,7.2070623211937175,86,173
L89A,A,0.7544142569015566,89,176
Y90A,A,-1.653290427,90,177
Q93A*,A,0,93,180
R97A,A,-2.166933604,97,184
R99A,A,-2.873192665,99,186
V102T,A,5.955057844710716,102,189
N38A,B,13.467094500584178,38,125
S40A,B,-2.134831364,40,127
G41A*,B,0,41,128
R43A,B,3.643659878158692,43,130
D70A,B,3.2905303476315897,70,157
R73A,B,1.492778006475925,73,160
E75A,B,0.8186211846980314,75,162
F77W,B,5.858748677637934,77,164
D79N,B,-7.720704273,79,166
N81A,B,0.30497800854553425,81,168
R82A*,B,0,82,169
N103A,B,-0.786515272,103,190
P105A,B,2.1990370675301225,105,192
D107A,B,28.651686356444216,107,194
I108A,B,1.428573527923307,108,195
E111A,B,18.988767828887987,111,198
